<?xml version="1.0" encoding="UTF-8"?>
<beans xmlns="http://www.springframework.org/schema/beans"
       xmlns:xsi="http://www.w3.org/2001/XMLSchema-instance"
       xmlns:context="http://www.springframework.org/schema/context"
       xmlns:mvc="http://www.springframework.org/schema/mvc"
       xsi:schemaLocation="http://www.springframework.org/schema/beans
       http://www.springframework.org/schema/beans/spring-beans.xsd
       http://www.springframework.org/schema/context
       https://www.springframework.org/schema/context/spring-context.xsd
       http://www.springframework.org/schema/mvc
       https://www.springframework.org/schema/mvc/spring-mvc.xsd">


    <!-- 타일즈 설정 -->
    <bean id="tilesConfigurer"
          class="org.springframework.web.servlet.view.tiles3.TilesConfigurer">
        <property name="definitions">
            <list>
                <value>/WEB-INF/tiles.xml</value>
            </list>
        </property>
    </bean>

    <!-- 웹 리소스 경로 설정 -->
    <mvc:resources mapping="/**" location="/resources/"/>


    <!-- 타일즈 뷰리졸버 설정 -->
    <bean id="tilesViewResolver"
          class="org.springframework.web.servlet.view.UrlBasedViewResolver">
        <property name="viewClass"
                  value="org.springframework.web.servlet.view.tiles3.TilesView"/>
        <property name="order" value="1" />
    </bean>

    <!-- 뷰 리졸버 설정 -->
    <bean class="org.springframework.web.servlet.view.InternalResourceViewResolver">
        <property name="viewClass" value="org.springframework.web.servlet.view.JstlView" />
        <property name="prefix" value="/WEB-INF/jsp/" />
        <property name="suffix" value=".jsp" />
        <property name="order" value="1" />
    </bean>

    <!-- 파일업로드 리졸버 설정 -->
    <bean id="multipartResolver"
          class="org.springframework.web.multipart.commons.CommonsMultipartResolver">
        <property name="maxUploadSize" value="10485760" /><!-- 10MB 제한 -->
    </bean>



    <!-- 컨트롤러 자동 스캔 -->
    <mvc:annotation-driven/>
    <context:component-scan base-package="qkfns.spring.mvc"/>

</beans>
