<?xml version="1.0" encoding="UTF-8"?>
<!DOCTYPE mapper
        PUBLIC "-//mybatis.org//DTD Mapper 3.0//EN"
        "http://mybatis.org/dtd/mybatis-3-mapper.dtd">
<mapper namespace="member">
    <insert id="insertMember" statementType="PREPARED"
        parameterType="qkfns.spring.mvc.vo.MemberVO">
        insert into Member (name, jumin, userid, passwd, zipcode, addr1, addr2, email, phone)
        values (#{name},#{jumin},#{userid},#{passwd},#{zipcode},#{addr1},#{addr2},#{email},#{phone});
    </insert>

    <select id="zipcode" statementType="PREPARED"
            parameterType="String" resultType="qkfns.spring.mvc.vo.ZipcodeVO">
        select * from zipcode_2013 where dong like #{mydong};
    </select>

    <select id="checkuid" statementType="PREPARED"
            parameterType="String" resultType="int">
        select count(userid) cnt from Member where userid = #{uid}
    </select>

    <select id="checklogin" statementType="PREPARED"
            parameterType="qkfns.spring.mvc.vo.MemberVO" resultType="int">
        select count(userid) cnt from Member where userid = #{userid} and passwd= #{passwd}
    </select>


</mapper>